# Arandkei 500 Index, -, Official Constituent Dataset,,,,
# Copyright (c), 2026 Arandkei, All rights reserved.,,,,
# Author:, Arandkei, Gerardo LunaRodas,,,,
# Methodology:, https://github.com/lunarodas/arandkei-500/blob/main/METHODOLOGY.md,,,,,
# License:, MIT License,,,,,
# Output Weight Scheme:, Equal Weight,,, 0.20%,,
Ticker,Name,Exchange,Sector,Weight,DV Weight,88 Weight
AAOI,"Applied Optoelectronics, Inc.",NASDAQ,Technology,0.20%,0.4159%,
AAUC,Allied Gold Corporation,NYSE,Materials,0.20%,0.0206%,
ABCL,AbCellera Biologics Inc.,NASDAQ,Healthcare,0.20%,0.0540%,
ACHR,Archer Aviation Inc.,NYSE,Industrials,0.20%,0.0895%,1.136%
ADPT,Adaptive Biotechnologies Corporation,NASDAQ,Healthcare,0.20%,0.0541%,
AEHR,"Aehr Test Systems, Inc.",NASDAQ,Technology,0.20%,0.1484%,
AEM,Agnico Eagle Mines Limited,NYSE,Materials,0.20%,0.7095%,1.136%
AER,AerCap Holdings N.V.,NYSE,Industrials,0.20%,0.1999%,
AFRM,"Affirm Holdings, Inc.",NASDAQ,Technology,0.20%,0.2928%,
AG,First Majestic Silver Corp.,NYSE,Materials,0.20%,0.1380%,
AGI,Alamos Gold Inc.,NYSE,Materials,0.20%,0.1381%,
AGIO,"Agios Pharmaceuticals, Inc.",NASDAQ,Healthcare,0.20%,0.0257%,
AI,"C3.ai, Inc.",NYSE,Technology,0.20%,0.0361%,
ALAB,"Astera Labs, Inc.",NASDAQ,Technology,0.20%,0.9395%,1.136%
ALC,Alcon Inc.,NYSE,Healthcare,0.20%,0.2109%,
ALH,Alliance Laundry Holdings Inc.,NYSE,Industrials,0.20%,0.0353%,
ALM,Almonty Industries Inc.,NASDAQ,Materials,0.20%,0.0696%,
ALMS,Alumis Inc.,NASDAQ,Healthcare,0.20%,0.0255%,
ALNY,"Alnylam Pharmaceuticals, Inc.",NASDAQ,Healthcare,0.20%,0.3701%,1.136%
AMBA,"Ambarella, Inc.",NASDAQ,Technology,0.20%,0.0809%,
AMC,"AMC Entertainment Holdings, Inc.",NYSE,Communication Services,0.20%,0.0531%,1.136%
AMLX,"Amylyx Pharmaceuticals, Inc.",NASDAQ,Healthcare,0.20%,0.0497%,
AMPX,"Amprius Technologies, Inc.",NYSE,Industrials,0.20%,0.0315%,
AMRZ,Amrize AG,NYSE,Materials,0.20%,0.1913%,
ANDG,Andersen Group Inc.,NYSE,Consumer Discretionary,0.20%,0.0432%,
APLD,Applied Digital Corporation,NASDAQ,Technology,0.20%,0.2400%,
APPN,Appian Corporation,NASDAQ,Technology,0.20%,0.0294%,
APPS,"Digital Turbine, Inc.",NYSE,Technology,0.20%,0.0225%,
AQN,Algonquin Power & Utilities Corp.,NYSE,Utilities,0.20%,0.0310%,
ARIS,Aris Mining Corporation,NYSE,Materials,0.20%,0.0339%,
ARXS,"Arxis, Inc.",NASDAQ,Industrials,0.20%,0.1297%,
AS,"Amer Sports, Inc.",NYSE,Consumer Discretionary,0.20%,0.1897%,
ASAN,"Asana, Inc.",NYSE,Technology,0.20%,0.0488%,
ASST,"Strive, Inc.",NASDAQ,Financials,0.20%,0.1507%,
ASTS,"AST SpaceMobile, Inc.",NASDAQ,Technology,0.20%,0.4167%,
ATKR,Atkore Inc.,NYSE,Industrials,0.20%,0.0548%,
ATRO,Astronics Corporation,NASDAQ,Industrials,0.20%,0.0382%,
AU,AngloGold Ashanti plc,NYSE,Materials,0.20%,0.3806%,1.136%
AUGO,Aura Minerals Inc.,NASDAQ,Materials,0.20%,0.0800%,
AUR,"Aurora Innovation, Inc.",NASDAQ,Technology,0.20%,0.1617%,
AVPT,"AvePoint, Inc.",NASDAQ,Technology,0.20%,0.0262%,
AXGN,"Axogen, Inc.",NASDAQ,Healthcare,0.20%,0.0405%,
AXS,AXIS Capital Holdings Limited,NYSE,Financials,0.20%,0.0662%,
AXSM,"Axsome Therapeutics, Inc.",NASDAQ,Healthcare,0.20%,0.1183%,
AYA,Aya Gold & Silver Inc.,NASDAQ,Materials,0.20%,0.0388%,
AZN,AstraZeneca PLC,NYSE,Healthcare,0.20%,1.5338%,
B,Barrick Mining Corporation,NYSE,Materials,0.20%,0.5442%,1.136%
BAM,Brookfield Asset Management Ltd.,NYSE,Financials,0.20%,0.4191%,
BAND,Bandwidth Inc.,NASDAQ,Technology,0.20%,0.0366%,
BAP,Credicorp Ltd.,NYSE,Financials,0.20%,0.2160%,
BATRK,"Atlanta Braves Holdings, Inc.",NASDAQ,Communication Services,0.20%,0.0296%,
BB,BlackBerry Limited,NYSE,Technology,0.20%,0.0840%,
BBAI,"BigBear.ai Holdings, Inc.",NYSE,Technology,0.20%,0.0283%,
BBIO,"BridgeBio Pharma, Inc.",NASDAQ,Healthcare,0.20%,0.1563%,
BBUC,Brookfield Business Corporation,NYSE,Industrials,0.20%,0.0309%,
BCE,BCE Inc.,NYSE,Communication Services,0.20%,0.1422%,1.136%
BCRX,"BioCryst Pharmaceuticals, Inc.",NASDAQ,Healthcare,0.20%,0.0314%,
BEAM,Beam Therapeutics Inc.,NASDAQ,Healthcare,0.20%,0.0365%,
BELFB,Bel Fuse Inc.,NASDAQ,Technology,0.20%,0.0363%,
BEPC,Brookfield Renewable Corporation,NYSE,Utilities,0.20%,0.0760%,1.136%
BETA,"BETA Technologies, Inc.",NYSE,Industrials,0.20%,0.0668%,
BFLY,"Butterfly Network, Inc.",NYSE,Healthcare,0.20%,0.0351%,
BH,Biglari Holdings Inc.,NYSE,Consumer Discretionary,0.20%,0.0351%,
BHC,Bausch Health Companies Inc.,NYSE,Healthcare,0.20%,0.0173%,
BHVN,Biohaven Ltd.,NYSE,Healthcare,0.20%,0.0321%,
BIPC,Brookfield Infrastructure Corporation,NYSE,Utilities,0.20%,0.0432%,1.136%
BIRK,Birkenstock Holding plc,NYSE,Consumer Discretionary,0.20%,0.0713%,
BKD,Brookdale Senior Living Inc.,NYSE,Healthcare,0.20%,0.0385%,
BKV,BKV Corporation,NYSE,Energy,0.20%,0.0406%,
BLBD,Blue Bird Corporation,NASDAQ,Industrials,0.20%,0.0263%,
BLCO,Bausch + Lomb Corporation,NYSE,Healthcare,0.20%,0.0333%,
BLLN,"BillionToOne, Inc.",NASDAQ,Healthcare,0.20%,0.0629%,
BLSH,Bullish,NYSE,Technology,0.20%,0.0574%,
BMNR,"Bitmine Immersion Technologies, Inc.",NYSE,Financials,0.20%,0.6411%,1.136%
BMO,Bank of Montreal,NYSE,Financials,0.20%,0.6554%,
BN,Brookfield Corporation,NYSE,Financials,0.20%,0.4997%,
BNS,The Bank of Nova Scotia,NYSE,Financials,0.20%,0.6567%,
BOKF,BOK Financial Corporation,NASDAQ,Financials,0.20%,0.0578%,
BPOP,"Popular, Inc.",NASDAQ,Financials,0.20%,0.0966%,
BRZE,"Braze, Inc.",NASDAQ,Technology,0.20%,0.0510%,
BSP,Bending Spoons S.p.A.,NASDAQ,Technology,0.20%,0.1371%,
BTDR,Bitdeer Technologies Group,NASDAQ,Technology,0.20%,0.0798%,
BTE,Baytex Energy Corp.,NYSE,Energy,0.20%,0.0571%,
BTG,B2Gold Corp.,AMEX,Materials,0.20%,0.1070%,
BULL,Webull Corporation,NASDAQ,Technology,0.20%,0.0818%,
BW,"Babcock & Wilcox Enterprises, Inc.",NYSE,Industrials,0.20%,0.0213%,
BWIN,"The Baldwin Insurance Group, Inc.",NASDAQ,Financials,0.20%,0.0936%,
BXBL,Boxabl Inc.,NASDAQ,Consumer Discretionary,0.20%,0.0053%,
CAE,CAE Inc.,NASDAQ,Industrials,0.20%,0.0519%,
CAI,"Caris Life Sciences, Inc.",NASDAQ,Healthcare,0.20%,0.1222%,
CAMT,Camtek Ltd.,NASDAQ,Technology,0.20%,0.0624%,
CAPR,"Capricor Therapeutics, Inc.",NASDAQ,Healthcare,0.20%,0.0236%,
CBC,"Central Bancompany, Inc.",NASDAQ,Financials,0.20%,0.0625%,
CBRS,Cerebras Systems Inc.,NASDAQ,Technology,0.20%,0.8796%,1.136%
CBZ,"CBIZ, Inc.",NYSE,Industrials,0.20%,0.0461%,
CCC,CCC Intelligent Solutions Holdings Inc.,NASDAQ,Technology,0.20%,0.0612%,
CCEP,Coca-Cola Europacific Partners PLC,NASDAQ,Consumer Staples,0.20%,0.3125%,1.136%
CCJ,Cameco Corporation,NYSE,Energy,0.20%,0.3210%,1.136%
CDNA,"CareDx, Inc.",NASDAQ,Healthcare,0.20%,0.0509%,
CECO,CECO Environmental Corp.,NASDAQ,Industrials,0.20%,0.0485%,
CELC,Celcuity Inc.,NASDAQ,Healthcare,0.20%,0.0572%,
CGAU,Centerra Gold Inc.,NYSE,Materials,0.20%,0.0369%,
CGON,"CG Oncology, Inc.",NASDAQ,Healthcare,0.20%,0.0629%,
CHKP,Check Point Software Technologies Ltd.,NASDAQ,Technology,0.20%,0.1448%,
CHYM,"Chime Financial, Inc.",NASDAQ,Technology,0.20%,0.1690%,
CIFR,Cipher Digital Inc.,NASDAQ,Financials,0.20%,0.3301%,1.136%
CIGI,Colliers International Group Inc.,NASDAQ,Real Estate,0.20%,0.0357%,
CLBK,"Columbia Financial, Inc.",NASDAQ,Financials,0.20%,0.0411%,
CLBT,Cellebrite DI Ltd.,NASDAQ,Technology,0.20%,0.0322%,
CLDX,"Celldex Therapeutics, Inc.",NASDAQ,Healthcare,0.20%,0.0395%,
CLMT,"Calumet, Inc.",NASDAQ,Materials,0.20%,0.0622%,
CLS,Celestica Inc.,NYSE,Technology,0.20%,0.6039%,
CM,Canadian Imperial Bank of Commerce,NYSE,Financials,0.20%,0.5987%,
CMBT,Cmb.Tech NV,NYSE,Energy,0.20%,0.0385%,
CNA,CNA Financial Corporation,NYSE,Financials,0.20%,0.0752%,
CNI,Canadian National Railway Company,NYSE,Industrials,0.20%,0.4523%,
CNQ,Canadian Natural Resources Limited,NYSE,Energy,0.20%,0.6599%,1.136%
COGT,"Cogent Biosciences, Inc.",NASDAQ,Healthcare,0.20%,0.0603%,
COLD,"Americold Realty Trust, Inc.",NYSE,Real Estate,0.20%,0.0481%,1.136%
COMP,"Compass, Inc.",NYSE,Real Estate,0.20%,0.1074%,1.136%
CORZ,"Core Scientific, Inc.",NASDAQ,Technology,0.20%,0.1255%,
CP,Canadian Pacific Kansas City Limited,NYSE,Industrials,0.20%,0.4792%,1.136%
CPA,"Copa Holdings, S.A.",NYSE,Industrials,0.20%,0.0472%,
CPNG,"Coupang, Inc.",NYSE,Consumer Discretionary,0.20%,0.2419%,
CRCL,"Circle Internet Group, Inc.",NYSE,Financials,0.20%,0.7942%,1.136%
CRDO,Credo Technology Group Holding Ltd,NASDAQ,Technology,0.20%,1.0002%,1.136%
CRML,Critical Metals Corp.,NASDAQ,Materials,0.20%,0.0427%,
CRSP,CRISPR Therapeutics AG,NASDAQ,Healthcare,0.20%,0.0709%,
CRWV,"CoreWeave, Inc.",NASDAQ,Technology,0.20%,1.4780%,1.136%
CSTM,Constellium SE,NYSE,Materials,0.20%,0.0361%,
CTRI,"Centuri Holdings, Inc.",NYSE,Utilities,0.20%,0.0274%,1.136%
CVE,Cenovus Energy Inc.,NYSE,Energy,0.20%,0.3905%,1.136%
DAVE,Dave Inc.,NASDAQ,Technology,0.20%,0.0818%,
DB,Deutsche Bank Aktiengesellschaft,NYSE,Financials,0.20%,0.3718%,
DCO,Ducommun Incorporated,NYSE,Industrials,0.20%,0.0340%,
DDS,"Dillard's, Inc.",NYSE,Consumer Discretionary,0.20%,0.1141%,
DFTX,"Definium Therapeutics, Inc.",NASDAQ,Healthcare,0.20%,0.0703%,
DHT,"DHT Holdings, Inc.",NYSE,Energy,0.20%,0.0614%,
DJT,Trump Media & Technology Group Corp.,NASDAQ,Communication Services,0.20%,0.0273%,
DKNG,DraftKings Inc.,NASDAQ,Consumer Discretionary,0.20%,0.1906%,1.136%
DLO,DLocal Limited,NASDAQ,Technology,0.20%,0.0341%,
DNLI,Denali Therapeutics Inc.,NASDAQ,Healthcare,0.20%,0.0335%,
DNN,Denison Mines Corp.,AMEX,Energy,0.20%,0.0480%,
DNTH,"Dianthus Therapeutics, Inc.",NASDAQ,Healthcare,0.20%,0.0645%,
DOO,BRP Inc.,NASDAQ,Consumer Discretionary,0.20%,0.0305%,
DOX,Amdocs Limited,NASDAQ,Technology,0.20%,0.0590%,
DPC,DPC Holdings PLC,NYSE,Industrials,0.20%,0.0574%,
DRS,"Leonardo DRS, Inc.",NASDAQ,Industrials,0.20%,0.0669%,
DSGX,The Descartes Systems Group Inc.,NASDAQ,Technology,0.20%,0.0650%,
DX,"Dynex Capital, Inc.",NYSE,Real Estate,0.20%,0.0524%,1.136%
DYN,"Dyne Therapeutics, Inc.",NASDAQ,Healthcare,0.20%,0.0460%,
ECO,Okeanis Eco Tankers Corp.,NYSE,Industrials,0.20%,0.0440%,
EE,"Excelerate Energy, Inc.",NYSE,Energy,0.20%,0.0266%,
EGO,Eldorado Gold Corporation,NYSE,Materials,0.20%,0.1200%,
ELVN,"Enliven Therapeutics, Inc.",NASDAQ,Healthcare,0.20%,0.0514%,
EMA,Emera Incorporated,NYSE,Utilities,0.20%,0.0818%,
ENB,Enbridge Inc.,NYSE,Energy,0.20%,0.6630%,1.136%
ENLT,Enlight Renewable Energy Ltd,NASDAQ,Utilities,0.20%,0.0549%,
EOSE,"Eos Energy Enterprises, Inc.",NASDAQ,Industrials,0.20%,0.0561%,
EQPT,EquipmentShare.com Inc.,NASDAQ,Industrials,0.20%,0.0513%,
EQX,Equinox Gold Corp.,AMEX,Materials,0.20%,0.1471%,
ERAS,"Erasca, Inc.",NASDAQ,Healthcare,0.20%,0.0609%,
ERO,Ero Copper Corp.,NYSE,Materials,0.20%,0.0456%,
ESLT,Elbit Systems Ltd.,NASDAQ,Industrials,0.20%,0.2001%,
ESTA,Establishment Labs Holdings Inc.,NASDAQ,Healthcare,0.20%,0.0220%,
ESTC,Elastic N.V.,NYSE,Technology,0.20%,0.1611%,
ETOR,eToro Group Ltd.,NASDAQ,Financials,0.20%,0.0265%,
EWTX,"Edgewise Therapeutics, Inc.",NASDAQ,Healthcare,0.20%,0.0540%,
EXK,Endeavour Silver Corp.,NYSE,Materials,0.20%,0.0563%,
FCEL,"FuelCell Energy, Inc.",NASDAQ,Industrials,0.20%,0.0656%,
FCNCA,"First Citizens BancShares, Inc.",NASDAQ,Financials,0.20%,0.1893%,
FER,Ferrovial N.V.,NASDAQ,Industrials,0.20%,0.2393%,
FIG,"Figma, Inc.",NYSE,Technology,0.20%,0.2201%,
FIGR,"Figure Technology Solutions, Inc.",NASDAQ,Financials,0.20%,0.1174%,
FIGS,"FIGS, Inc.",NYSE,Consumer Discretionary,0.20%,0.0292%,
FLNC,"Fluence Energy, Inc.",NASDAQ,Utilities,0.20%,0.0407%,1.136%
FLUT,Flutter Entertainment plc,NYSE,Consumer Discretionary,0.20%,0.2080%,1.136%
FLY,Firefly Aerospace Inc.,NASDAQ,Industrials,0.20%,0.0521%,
FLYW,Flywire Corporation,NASDAQ,Technology,0.20%,0.0233%,
FNV,Franco-Nevada Corporation,NYSE,Materials,0.20%,0.3452%,1.136%
FPS,"Forgent Power Solutions, Inc.",NYSE,Industrials,0.20%,0.2315%,1.136%
FRHC,Freedom Holding Corp.,NASDAQ,Financials,0.20%,0.0626%,
FRMI,Fermi Inc.,NASDAQ,Real Estate,0.20%,0.0563%,1.136%
FRO,Frontline plc,NYSE,Energy,0.20%,0.1420%,
FROG,JFrog Ltd.,NASDAQ,Technology,0.20%,0.1410%,
FRSH,Freshworks Inc.,NASDAQ,Technology,0.20%,0.0449%,
FRVO,Fervo Energy Company,NASDAQ,Utilities,0.20%,0.0879%,1.136%
FSLY,"Fastly, Inc.",NASDAQ,Technology,0.20%,0.1131%,
FSM,Fortuna Mining Corp.,NYSE,Materials,0.20%,0.0433%,
FSV,FirstService Corporation,NASDAQ,Real Estate,0.20%,0.0442%,
FTAI,FTAI Aviation Ltd.,NASDAQ,Industrials,0.20%,0.2200%,1.136%
FTS,Fortis Inc.,NYSE,Utilities,0.20%,0.1553%,1.136%
FWONA,Formula One Group,NASDAQ,Communication Services,0.20%,0.1247%,
GENI,Genius Sports Limited,NYSE,Communication Services,0.20%,0.0299%,
GFL,GFL Environmental Inc.,NYSE,Industrials,0.20%,0.1372%,
GFS,GLOBALFOUNDRIES Inc.,NASDAQ,Technology,0.20%,0.2241%,
GH,"Guardant Health, Inc.",NASDAQ,Healthcare,0.20%,0.2838%,1.136%
GIB,CGI Inc.,NYSE,Technology,0.20%,0.0833%,
GIL,Gildan Activewear Inc.,NYSE,Consumer Discretionary,0.20%,0.0745%,
GLBE,Global-E Online Ltd.,NASDAQ,Consumer Discretionary,0.20%,0.0647%,
GLNG,Golar LNG Limited,NASDAQ,Energy,0.20%,0.0594%,
GLOB,Globant S.A.,NYSE,Technology,0.20%,0.0283%,
GLXY,Galaxy Digital Inc.,NASDAQ,Financials,0.20%,0.1091%,
GPGI,"GPGI, Inc.",NYSE,Industrials,0.20%,0.0282%,
GRAB,Grab Holdings Limited,NASDAQ,Technology,0.20%,0.1689%,
GRAL,"GRAIL, Inc.",NASDAQ,Healthcare,0.20%,0.0884%,
GSAT,"Globalstar, Inc.",NASDAQ,Communication Services,0.20%,0.0776%,
GTLB,GitLab Inc.,NASDAQ,Technology,0.20%,0.1722%,
GTX,Garrett Motion Inc.,NASDAQ,Consumer Discretionary,0.20%,0.0600%,
HBM,Hudbay Minerals Inc.,NYSE,Materials,0.20%,0.1134%,
HEI,HEICO Corporation,NYSE,Industrials,0.20%,0.2933%,
HHH,Howard Hughes Holdings Inc.,NYSE,Real Estate,0.20%,0.0451%,1.136%
HLIO,"Helios Technologies, Inc.",NYSE,Industrials,0.20%,0.0238%,
HNGE,"Hinge Health, Inc.",NYSE,Healthcare,0.20%,0.1249%,
HTFL,"HeartFlow, Inc.",NASDAQ,Healthcare,0.20%,0.0752%,
HURN,Huron Consulting Group Inc.,NASDAQ,Industrials,0.20%,0.0291%,
HUT,Hut 8 Corp.,NASDAQ,Financials,0.20%,0.2700%,1.136%
HYMC,Hycroft Mining Holding Corporation,NASDAQ,Materials,0.20%,0.0323%,
IAG,IAMGOLD Corporation,NYSE,Materials,0.20%,0.1078%,
IBRX,"ImmunityBio, Inc.",NASDAQ,Healthcare,0.20%,0.0860%,
ICL,ICL Group Ltd,NYSE,Materials,0.20%,0.0363%,
IDYA,"IDEAYA Biosciences, Inc.",NASDAQ,Healthcare,0.20%,0.0336%,
IFS,Intercorp Financial Services Inc.,NYSE,Financials,0.20%,0.0367%,
IMAX,IMAX Corporation,NYSE,Communication Services,0.20%,0.0421%,
IMNM,"Immunome, Inc.",NASDAQ,Healthcare,0.20%,0.0270%,
IMO,Imperial Oil Limited,AMEX,Energy,0.20%,0.3352%,
IMVT,"Immunovant, Inc.",NASDAQ,Healthcare,0.20%,0.0614%,
INFQ,"Infleqtion, Inc.",NYSE,Technology,0.20%,0.0745%,
INGM,Ingram Micro Holding Corporation,NYSE,Technology,0.20%,0.0634%,
INIO,Innio N.V.,NASDAQ,Industrials,0.20%,0.1240%,
INOD,Innodata Inc.,NASDAQ,Technology,0.20%,0.0542%,
INSM,Insmed Incorporated,NASDAQ,Healthcare,0.20%,0.2553%,1.136%
INTA,"Intapp, Inc.",NASDAQ,Technology,0.20%,0.0250%,
INTR,"Inter & Co, Inc.",NASDAQ,Financials,0.20%,0.0229%,
IOND,Ionic Digital Inc.,NASDAQ,Financials,0.20%,0.0492%,
IONQ,"IonQ, Inc.",NYSE,Technology,0.20%,0.5748%,
IONS,"Ionis Pharmaceuticals, Inc.",NASDAQ,Healthcare,0.20%,0.1425%,
IOT,Samsara Inc.,NYSE,Technology,0.20%,0.2623%,
IOVA,"Iovance Biotherapeutics, Inc.",NASDAQ,Healthcare,0.20%,0.1203%,
IREN,IREN Limited,NASDAQ,Financials,0.20%,0.9154%,1.136%
IRON,"Disc Medicine, Inc.",NASDAQ,Healthcare,0.20%,0.0321%,
IRTC,"iRhythm Holdings, Inc.",NASDAQ,Healthcare,0.20%,0.0505%,
JAN,"Janus Living, Inc.",NYSE,Real Estate,0.20%,0.0742%,1.136%
JBS,JBS N.V.,NYSE,Consumer Staples,0.20%,0.0932%,1.136%
JOBY,"Joby Aviation, Inc.",NYSE,Industrials,0.20%,0.1131%,
KEEL,Keel Infrastructure Corp.,NASDAQ,Technology,0.20%,0.0725%,
KGC,Kinross Gold Corporation,NYSE,Materials,0.20%,0.2538%,1.136%
KLAR,Klarna Group plc,NYSE,Financials,0.20%,0.0696%,
KNSA,"Kiniksa Pharmaceuticals International, plc",NASDAQ,Healthcare,0.20%,0.0506%,
KOD,Kodiak Sciences Inc.,NASDAQ,Healthcare,0.20%,0.0925%,
KVYO,"Klaviyo, Inc.",NYSE,Technology,0.20%,0.0795%,
KYMR,"Kymera Therapeutics, Inc.",NASDAQ,Healthcare,0.20%,0.0887%,
LASR,"nLIGHT, Inc.",NASDAQ,Technology,0.20%,0.0339%,
LB,LandBridge Company LLC,NYSE,Energy,0.20%,0.0413%,
LBTYA,Liberty Global Ltd.,NASDAQ,Communication Services,0.20%,0.0287%,
LCID,"Lucid Group, Inc.",NASDAQ,Consumer Discretionary,0.20%,0.0322%,
LEVI,Levi Strauss & Co.,NYSE,Consumer Discretionary,0.20%,0.0610%,
LGN,Legence Corp.,NASDAQ,Industrials,0.20%,0.0532%,
LINE,"Lineage, Inc.",NASDAQ,Real Estate,0.20%,0.0633%,1.136%
LION,Lionsgate Studios Corp.,NYSE,Communication Services,0.20%,0.0320%,
LLYVK,"Liberty Live Holdings, Inc.",NASDAQ,Communication Services,0.20%,0.0602%,
LMND,"Lemonade, Inc.",NYSE,Financials,0.20%,0.0424%,
LNG,"Cheniere Energy, Inc.",NYSE,Energy,0.20%,0.5783%,1.136%
LOAR,Loar Holdings Inc.,NYSE,Industrials,0.20%,0.0540%,
LPLA,LPL Financial Holdings Inc.,NASDAQ,Financials,0.20%,0.2490%,
LUNR,"Intuitive Machines, Inc.",NASDAQ,Industrials,0.20%,0.0733%,
MAAS,Maase Inc.,NASDAQ,Financials,0.20%,0.0370%,
MAIR,Madison Air Solutions Corporation,NYSE,Industrials,0.20%,0.0961%,
MANE,"Veradermics, Incorporated",NYSE,Healthcare,0.20%,0.0640%,
MBLY,Mobileye Global Inc.,NASDAQ,Consumer Discretionary,0.20%,0.0531%,
MDA,MDA Space Ltd.,NYSE,Industrials,0.20%,0.0447%,
MDB,"MongoDB, Inc.",NASDAQ,Technology,0.20%,0.6671%,
MDGL,"Madrigal Pharmaceuticals, Inc.",NASDAQ,Healthcare,0.20%,0.1189%,
MDLN,Medline Inc.,NASDAQ,Healthcare,0.20%,0.3668%,1.136%
MELI,"MercadoLibre, Inc.",NASDAQ,Consumer Discretionary,0.20%,0.9651%,1.136%
MEOH,Methanex Corporation,NASDAQ,Materials,0.20%,0.0491%,
MFC,Manulife Financial Corporation,NYSE,Financials,0.20%,0.4051%,
MGA,Magna International Inc.,NYSE,Consumer Discretionary,0.20%,0.1236%,
MGNI,"Magnite, Inc.",NASDAQ,Communication Services,0.20%,0.0468%,
MIAX,"Miami International Holdings, Inc.",NYSE,Financials,0.20%,0.0487%,
MICC,The Magnum Ice Cream Company N.V.,NYSE,Consumer Staples,0.20%,0.0650%,1.136%
MIRM,"Mirum Pharmaceuticals, Inc.",NASDAQ,Healthcare,0.20%,0.0606%,
MKL,Markel Group Inc.,NYSE,Financials,0.20%,0.1674%,
MMED,"MiniMed Group, Inc.",NASDAQ,Healthcare,0.20%,0.0581%,
MMYT,MakeMyTrip Limited,NASDAQ,Consumer Discretionary,0.20%,0.0410%,
MNDY,monday.com Ltd.,NASDAQ,Technology,0.20%,0.0682%,
MOD,Modine Manufacturing Company,NYSE,Consumer Discretionary,0.20%,0.1771%,
MRX,Marex Group Limited,NASDAQ,Financials,0.20%,0.0563%,
MSGE,Madison Square Garden Entertainment Corp.,NYSE,Consumer Discretionary,0.20%,0.0372%,
MSTR,Strategy Inc,NASDAQ,Technology,0.20%,2.1072%,1.136%
MWH,"SOLV Energy, Inc.",NASDAQ,Utilities,0.20%,0.0448%,1.136%
NAMS,NewAmsterdam Pharma Company N.V.,NASDAQ,Healthcare,0.20%,0.0337%,
NAVN,"Navan, Inc.",NASDAQ,Technology,0.20%,0.0770%,
NBIS,Nebius Group N.V.,NASDAQ,Communication Services,0.20%,2.2005%,1.136%
NCNO,"nCino, Inc.",NASDAQ,Technology,0.20%,0.0355%,
NESR,National Energy Services Reunited Corp.,NASDAQ,Energy,0.20%,0.0450%,
NET,"Cloudflare, Inc.",NYSE,Technology,0.20%,1.1345%,1.136%
NG,NovaGold Resources Inc.,AMEX,Materials,0.20%,0.0368%,
NIQ,NIQ Global Intelligence plc,NYSE,Technology,0.20%,0.0368%,
NKTR,Nektar Therapeutics,NASDAQ,Healthcare,0.20%,0.0481%,
NMRK,"Newmark Group, Inc.",NASDAQ,Real Estate,0.20%,0.0295%,
NN,NextNav Inc.,NASDAQ,Technology,0.20%,0.0301%,
NNI,"Nelnet, Inc.",NYSE,Financials,0.20%,0.0317%,
NRIX,"Nurix Therapeutics, Inc.",NASDAQ,Healthcare,0.20%,0.0304%,
NTLA,"Intellia Therapeutics, Inc.",NASDAQ,Healthcare,0.20%,0.0319%,
NTR,Nutrien Ltd.,NYSE,Materials,0.20%,0.2767%,
NTRA,"Natera, Inc.",NASDAQ,Healthcare,0.20%,0.5724%,1.136%
NTSK,"Netskope, Inc.",NASDAQ,Technology,0.20%,0.0957%,
NU,Nu Holdings Ltd.,NYSE,Financials,0.20%,0.8400%,1.136%
NUVB,Nuvation Bio Inc.,NYSE,Healthcare,0.20%,0.0249%,
NVAX,"Novavax, Inc.",NASDAQ,Healthcare,0.20%,0.0374%,
NVMI,Nova Ltd.,NASDAQ,Technology,0.20%,0.1632%,
NVTS,Navitas Semiconductor Corporation,NASDAQ,Technology,0.20%,0.0890%,
NXE,NexGen Energy Ltd.,NYSE,Energy,0.20%,0.0512%,
OCTV,Octave Intelligence plc,NASDAQ,Technology,0.20%,0.0545%,
OCUL,"Ocular Therapeutix, Inc.",NASDAQ,Healthcare,0.20%,0.0245%,
OGC,OceanaGold Corporation,NYSE,Materials,0.20%,0.0408%,
OKLO,Oklo Inc.,NYSE,Utilities,0.20%,0.2239%,1.136%
OMF,"OneMain Holdings, Inc.",NYSE,Financials,0.20%,0.0618%,
ONDS,Ondas Inc.,NASDAQ,Technology,0.20%,0.2647%,
ONON,On Holding AG,NYSE,Consumer Discretionary,0.20%,0.2036%,1.136%
OPEN,Opendoor Technologies Inc.,NASDAQ,Real Estate,0.20%,0.0564%,1.136%
OR,OR Royalties Inc.,NYSE,Materials,0.20%,0.0490%,
ORKA,"Oruka Therapeutics, Inc.",NASDAQ,Healthcare,0.20%,0.0696%,
OSCR,"Oscar Health, Inc.",NYSE,Healthcare,0.20%,0.1294%,
OTEX,Open Text Corporation,NASDAQ,Technology,0.20%,0.0418%,
OTF,Blue Owl Technology Finance Corp.,NYSE,Financials,0.20%,0.0354%,
OUST,"Ouster, Inc.",NASDAQ,Technology,0.20%,0.0578%,
OWL,Blue Owl Capital Inc.,NYSE,Financials,0.20%,0.1759%,
PAAS,Pan American Silver Corp.,NYSE,Materials,0.20%,0.1910%,
PACS,"PACS Group, Inc.",NYSE,Healthcare,0.20%,0.0489%,
PAGS,PagSeguro Digital Ltd.,NYSE,Technology,0.20%,0.0271%,
PAY,"Paymentus Holdings, Inc.",NYSE,Technology,0.20%,0.0385%,
PBA,Pembina Pipeline Corporation,NYSE,Energy,0.20%,0.1548%,
PBLS,"Parabilis Medicines, Inc.",NASDAQ,Healthcare,0.20%,0.0377%,
PCOR,"Procore Technologies, Inc.",NYSE,Technology,0.20%,0.1090%,
PCVX,"Vaxcyte, Inc.",NASDAQ,Healthcare,0.20%,0.0818%,
PDS,Precision Drilling Corporation,NYSE,Energy,0.20%,0.4845%,
PFSI,"PennyMac Financial Services, Inc.",NYSE,Financials,0.20%,0.0364%,
PGEN,"Precigen, Inc.",NASDAQ,Healthcare,0.20%,0.0305%,
PGY,Pagaya Technologies Ltd.,NASDAQ,Technology,0.20%,0.0313%,
PL,Planet Labs PBC,NYSE,Industrials,0.20%,0.1364%,
PLUG,Plug Power Inc.,NASDAQ,Industrials,0.20%,0.0648%,
POET,POET Technologies Inc.,NASDAQ,Technology,0.20%,0.0394%,
PPTA,Perpetua Resources Corp.,NASDAQ,Materials,0.20%,0.0260%,
PRAX,"Praxis Precision Medicines, Inc.",NASDAQ,Healthcare,0.20%,0.1016%,
PRM,"Perimeter Solutions, Inc.",NYSE,Materials,0.20%,0.0409%,
PRMB,Primo Brands Corporation,NYSE,Consumer Staples,0.20%,0.0838%,1.136%
PS,Pershing Square Inc.,NYSE,Financials,0.20%,0.1268%,
PSNL,"Personalis, Inc.",NASDAQ,Healthcare,0.20%,0.0299%,
PURR,Hyperliquid Strategies Inc.,NASDAQ,Financials,0.20%,0.1740%,
QBTS,D-Wave Quantum Inc.,NASDAQ,Technology,0.20%,0.1683%,
QGEN,Qiagen N.V.,NYSE,Healthcare,0.20%,0.0922%,
QNT,Quantinuum Inc.,NASDAQ,Technology,0.20%,0.1120%,
QS,QuantumScape Corporation,NASDAQ,Consumer Discretionary,0.20%,0.0454%,
QSR,Restaurant Brands International Inc.,NYSE,Consumer Discretionary,0.20%,0.2854%,1.136%
QUBT,Quantum Computing Inc.,NASDAQ,Technology,0.20%,0.0395%,
QURE,uniQure N.V.,NASDAQ,Healthcare,0.20%,0.0528%,
QXO,"QXO, Inc.",NYSE,Industrials,0.20%,0.1743%,
RACE,Ferrari N.V.,NYSE,Consumer Discretionary,0.20%,0.4656%,
RARE,Ultragenyx Pharmaceutical Inc.,NASDAQ,Healthcare,0.20%,0.0544%,
RBLX,Roblox Corporation,NYSE,Communication Services,0.20%,0.4234%,1.136%
RBRK,"Rubrik, Inc.",NYSE,Technology,0.20%,0.2896%,
RCAT,"Red Cat Holdings, Inc.",NASDAQ,Industrials,0.20%,0.0354%,
RCI,Rogers Communications Inc.,NYSE,Communication Services,0.20%,0.1063%,
RDW,Redwire Corporation,NYSE,Industrials,0.20%,0.0850%,
REAL,"The RealReal, Inc.",NASDAQ,Consumer Discretionary,0.20%,0.0174%,
RGTI,"Rigetti Computing, Inc.",NASDAQ,Technology,0.20%,0.1596%,
RIG,Transocean Ltd.,NYSE,Energy,0.20%,0.1543%,1.136%
RIOT,"Riot Platforms, Inc.",NASDAQ,Financials,0.20%,0.2208%,
RIVN,"Rivian Automotive, Inc.",NASDAQ,Consumer Discretionary,0.20%,0.2754%,1.136%
RKLB,Rocket Lab Corporation,NASDAQ,Industrials,0.20%,0.8705%,1.136%
RKT,"Rocket Companies, Inc.",NYSE,Financials,0.20%,0.3754%,
RLAY,"Relay Therapeutics, Inc.",NASDAQ,Healthcare,0.20%,0.0510%,
RPRX,Royalty Pharma plc,NASDAQ,Healthcare,0.20%,0.2640%,
RVMD,"Revolution Medicines, Inc.",NASDAQ,Healthcare,0.20%,0.4144%,1.136%
RXRX,"Recursion Pharmaceuticals, Inc.",NASDAQ,Healthcare,0.20%,0.0449%,
RY,Royal Bank of Canada,NYSE,Financials,0.20%,1.4980%,
RYTM,"Rhythm Pharmaceuticals, Inc.",NASDAQ,Healthcare,0.20%,0.0656%,
S,"SentinelOne, Inc.",NYSE,Technology,0.20%,0.1388%,
SA,Seabridge Gold Inc.,NYSE,Materials,0.20%,0.0249%,
SAIL,"SailPoint, Inc.",NASDAQ,Technology,0.20%,0.1072%,
SBET,"Sharplink, Inc.",NASDAQ,Consumer Discretionary,0.20%,0.0522%,
SBLK,Star Bulk Carriers Corp.,NASDAQ,Industrials,0.20%,0.0461%,
SCCO,Southern Copper Corporation,NYSE,Materials,0.20%,0.9643%,1.136%
SDRL,Seadrill Limited,NYSE,Energy,0.20%,0.0279%,
SEB,Seaboard Corporation,AMEX,Industrials,0.20%,0.0479%,
SFD,"Smithfield Foods, Inc.",NASDAQ,Consumer Staples,0.20%,0.0581%,1.136%
SGHC,Super Group (SGHC) Limited,NYSE,Consumer Discretionary,0.20%,0.0465%,
SGRY,"Surgery Partners, Inc.",NASDAQ,Healthcare,0.20%,0.0279%,
SHAZ,SharonAI Holdings Inc.,NASDAQ,Technology,0.20%,0.0533%,
SHLS,"Shoals Technologies Group, Inc.",NASDAQ,Technology,0.20%,0.0225%,
SHOP,Shopify Inc.,NASDAQ,Technology,0.20%,1.6020%,1.136%
SII,Sprott Inc.,NYSE,Financials,0.20%,0.0246%,
SITE,"SiteOne Landscape Supply, Inc.",NYSE,Industrials,0.20%,0.0676%,
SKE,Skeena Resources Limited,NYSE,Materials,0.20%,0.0271%,
SKWD,"Skyward Specialty Insurance Group, Inc.",NASDAQ,Financials,0.20%,0.0235%,
SLF,Sun Life Financial Inc.,NYSE,Financials,0.20%,0.2492%,
SLS,"SELLAS Life Sciences Group, Inc.",NASDAQ,Healthcare,0.20%,0.0522%,
SMMT,Summit Therapeutics Inc.,NASDAQ,Healthcare,0.20%,0.1216%,
SMR,NuScale Power Corporation,NYSE,Industrials,0.20%,0.1807%,1.136%
SNAP,Snap Inc.,NYSE,Communication Services,0.20%,0.1383%,1.136%
SNOW,Snowflake Inc.,NYSE,Technology,0.20%,1.4771%,1.136%
SOBO,South Bow Corporation,NYSE,Energy,0.20%,0.0481%,
SOC,Sable Offshore Corp.,NASDAQ,Energy,0.20%,0.0209%,
SOFI,"SoFi Technologies, Inc.",NASDAQ,Financials,0.20%,0.4818%,1.136%
SOUN,"SoundHound AI, Inc.",NASDAQ,Technology,0.20%,0.0811%,
SPB,"Spectrum Brands Holdings, Inc.",NYSE,Consumer Staples,0.20%,0.0227%,1.136%
SPCX,Space Exploration Technologies Corp.,NASDAQ,Industrials,0.20%,16.8151%,1.136%
SPOT,Spotify Technology S.A.,NYSE,Communication Services,0.20%,0.9157%,1.136%
SRAD,Sportradar Group AG,NASDAQ,Technology,0.20%,0.0337%,
SRRK,Scholar Rock Holding Corporation,NASDAQ,Healthcare,0.20%,0.0812%,
SSNC,"SS&C Technologies Holdings, Inc.",NASDAQ,Technology,0.20%,0.1573%,
SSRM,SSR Mining Inc.,NASDAQ,Materials,0.20%,0.0808%,
STLA,Stellantis N.V.,NYSE,Consumer Discretionary,0.20%,0.1231%,
STN,Stantec Inc.,NYSE,Industrials,0.20%,0.0506%,
STNE,StoneCo Ltd.,NASDAQ,Technology,0.20%,0.0409%,
STNG,Scorpio Tankers Inc.,NYSE,Energy,0.20%,0.0595%,
STOK,"Stoke Therapeutics, Inc.",NASDAQ,Healthcare,0.20%,0.0201%,
STUB,"StubHub Holdings, Inc.",NYSE,Consumer Discretionary,0.20%,0.0309%,
STVN,Stevanato Group S.p.A.,NYSE,Healthcare,0.20%,0.0324%,
SU,Suncor Energy Inc.,NYSE,Energy,0.20%,0.5529%,1.136%
SUNB,"Sunbelt Rentals Holdings, Inc.",NYSE,Industrials,0.20%,0.4484%,1.136%
SVM,Silvercorp Metals Inc.,AMEX,Materials,0.20%,0.0239%,
SYM,Symbotic Inc.,NASDAQ,Industrials,0.20%,0.1662%,
SYRE,"Spyre Therapeutics, Inc.",NASDAQ,Healthcare,0.20%,0.0932%,
TAC,TransAlta Corporation,NYSE,Utilities,0.20%,0.0310%,
TARS,"Tarsus Pharmaceuticals, Inc.",NASDAQ,Healthcare,0.20%,0.0485%,
TBBB,BBB Foods Inc.,NYSE,Consumer Staples,0.20%,0.0503%,1.136%
TD,The Toronto-Dominion Bank,NYSE,Financials,0.20%,1.0912%,
TE,T1 Energy Inc.,NYSE,Industrials,0.20%,0.0482%,
TEAM,Atlassian Corporation,NASDAQ,Technology,0.20%,0.5567%,
TECK,Teck Resources Limited,NYSE,Materials,0.20%,0.2593%,
TEM,"Tempus AI, Inc.",NASDAQ,Healthcare,0.20%,0.3426%,1.136%
TEVA,Teva Pharmaceutical Industries Limited,NYSE,Healthcare,0.20%,0.3286%,
TFII,TFI International Inc.,NYSE,Industrials,0.20%,0.0638%,
TFPM,Triple Flag Precious Metals Corp.,NYSE,Materials,0.20%,0.0415%,
TFSL,TFS Financial Corporation,NASDAQ,Financials,0.20%,0.0293%,
TGB,Trekor Metals Limited,AMEX,Materials,0.20%,0.0388%,
TIGO,Millicom International Cellular S.A.,NASDAQ,Communication Services,0.20%,0.1177%,1.136%
TMC,TMC the metals company Inc.,NASDAQ,Materials,0.20%,0.0192%,
TNET,"TriNet Group, Inc.",NYSE,Industrials,0.20%,0.0261%,
TNGX,"Tango Therapeutics, Inc.",NASDAQ,Healthcare,0.20%,0.0544%,
TNK,Teekay Tankers Ltd.,NYSE,Energy,0.20%,0.0419%,
TOWN,TowneBank,NASDAQ,Financials,0.20%,0.0259%,
TPG,TPG Inc.,NASDAQ,Financials,0.20%,0.1485%,
TRI,Thomson Reuters Corporation,NASDAQ,Industrials,0.20%,0.2932%,
TRP,TC Energy Corporation,NYSE,Energy,0.20%,0.3962%,
TRVI,"Trevi Therapeutics, Inc.",NASDAQ,Healthcare,0.20%,0.0223%,
TSEM,Tower Semiconductor Ltd.,NASDAQ,Technology,0.20%,0.3278%,
TTAN,"ServiceTitan, Inc.",NASDAQ,Technology,0.20%,0.1540%,
TTE,TotalEnergies SE,NYSE,Energy,0.20%,1.0779%,
TU,TELUS Corporation,NYSE,Communication Services,0.20%,0.0958%,
TVTX,"Travere Therapeutics, Inc.",NASDAQ,Healthcare,0.20%,0.0759%,
TW,Tradeweb Markets Inc.,NASDAQ,Financials,0.20%,0.1852%,
TWST,Twist Bioscience Corporation,NASDAQ,Healthcare,0.20%,0.2191%,1.136%
TXG,"10x Genomics, Inc.",NASDAQ,Healthcare,0.20%,0.1698%,
U,Unity Software Inc.,NYSE,Technology,0.20%,0.2992%,
UBS,UBS Group AG,NYSE,Financials,0.20%,0.8051%,
UEC,Uranium Energy Corp.,AMEX,Energy,0.20%,0.0695%,
UHAL,U-Haul Holding Company,NYSE,Industrials,0.20%,0.0635%,
UI,Ubiquiti Inc.,NYSE,Technology,0.20%,0.2165%,
UMAC,"Unusual Machines, Inc.",AMEX,Technology,0.20%,0.0408%,
UPST,"Upstart Holdings, Inc.",NASDAQ,Financials,0.20%,0.0664%,
USAR,"USA Rare Earth, Inc.",NASDAQ,Materials,0.20%,0.1217%,1.136%
UTZ,"Utz Brands, Inc.",NYSE,Consumer Staples,0.20%,0.0217%,1.136%
UUUU,Energy Fuels Inc.,AMEX,Energy,0.20%,0.0555%,
UWMC,UWM Holdings Corporation,NYSE,Financials,0.20%,0.0175%,
VERA,"Vera Therapeutics, Inc.",NASDAQ,Healthcare,0.20%,0.0552%,
VERX,"Vertex, Inc.",NASDAQ,Technology,0.20%,0.0181%,
VFS,VinFast Auto Ltd.,NASDAQ,Consumer Discretionary,0.20%,0.0375%,
VG,"Venture Global, Inc.",NYSE,Energy,0.20%,0.2607%,1.136%
VIK,Viking Holdings Ltd,NYSE,Consumer Discretionary,0.20%,0.3655%,1.136%
VISN,"Vistance Networks, Inc.",NASDAQ,Technology,0.20%,0.0340%,
VKTX,"Viking Therapeutics, Inc.",NASDAQ,Healthcare,0.20%,0.1275%,
VOYG,"Voyager Technologies, Inc.",NYSE,Industrials,0.20%,0.0455%,
VRDN,"Viridian Therapeutics, Inc.",NASDAQ,Healthcare,0.20%,0.0289%,
VRNS,"Varonis Systems, Inc.",NASDAQ,Technology,0.20%,0.0735%,
W,Wayfair Inc.,NYSE,Consumer Discretionary,0.20%,0.1899%,1.136%
WCN,"Waste Connections, Inc.",NYSE,Industrials,0.20%,0.2876%,
WFG,West Fraser Timber Co. Ltd.,NYSE,Materials,0.20%,0.0360%,
WGS,GeneDx Holdings Corp.,NASDAQ,Healthcare,0.20%,0.0432%,
WIX,Wix.com Ltd.,NASDAQ,Technology,0.20%,0.0736%,
WK,Workiva Inc.,NYSE,Technology,0.20%,0.0527%,
WOLF,"Wolfspeed, Inc.",NYSE,Technology,0.20%,0.0409%,
WPM,Wheaton Precious Metals Corp.,NYSE,Materials,0.20%,0.4665%,1.136%
WSE,Wise Group plc,NASDAQ,Technology,0.20%,0.0686%,
WTM,"White Mountains Insurance Group, Ltd.",NYSE,Financials,0.20%,0.0458%,
WTTR,"Select Water Solutions, Inc.",NYSE,Energy,0.20%,0.0309%,
WULF,TeraWulf Inc.,NASDAQ,Financials,0.20%,0.2657%,1.136%
XE,"X-Energy, Inc.",NASDAQ,Industrials,0.20%,0.0886%,
XENE,Xenon Pharmaceuticals Inc.,NASDAQ,Healthcare,0.20%,0.0585%,
XMTR,"Xometry, Inc.",NASDAQ,Industrials,0.20%,0.0659%,
XP,XP Inc.,NASDAQ,Financials,0.20%,0.1283%,
YUMC,"Yum China Holdings, Inc.",NYSE,Consumer Discretionary,0.20%,0.0981%,
Z,"Zillow Group, Inc.",NASDAQ,Communication Services,0.20%,0.0921%,1.136%
ZETA,Zeta Global Holdings Corp.,NYSE,Technology,0.20%,0.1316%,
ZIM,ZIM Integrated Shipping Services Ltd.,NYSE,Industrials,0.20%,0.0425%,
ZM,"Zoom Communications, Inc.",NASDAQ,Technology,0.20%,0.2683%,
ZS,"Zscaler, Inc.",NASDAQ,Technology,0.20%,0.5082%,
